SeqNo,Date,Time,Comments,Status,Termination,TEWL [g/(m2h)],CV [%],SSWL [g/(m2)],AmbT [C],AmbRH [%],Ice [mg],ProbeSer,FluxCal,BaseCal,Sensor,CapFactor,NPts,Sec/pt,Flux [g/(m2h)]...,,,,,,,,,,,,,,,,,,,,,,,,,,,,,,,,,,,,,,,,,,,,,,,,,,,,,,,,,,,,,,,,,,,,,,,,,,,,,,,,,,,,,,,,,,,,,,,,,,,,,,,,,,,,,,,,,,,,,,,,,,,,,,,,,,,,,,,,,,,,,,,,,,,,,,,,,,,,,,,,,,,,,,,,,,,,,,,,,,,,,,,,,,,,,,,,,,,,,,,,
1,8/22/22,1:36:13 PM,101-1,Normal,MA|30|150|5|0.075,24.36,0.26,0.2205818,25,45.5,1.082,203854,0.99635,-4.69E-02,SOS|-93.66|0.0,0.45,201,0.52,27.49,28.83,30.39,31.81,33.08,34.01,34.88,35.92,36.75,37.56,38.42,39.29,40,40.68,41.28,41.86,42.35,42.66,43.01,43.28,43.55,43.72,43.79,43.9,43.99,43.95,43.89,43.79,43.71,43.51,43.27,43.03,42.78,42.57,42.25,42.08,41.83,41.55,41.34,41.08,40.88,40.57,40.3,40.14,39.88,39.63,39.4,39.23,39.03,38.76,38.57,38.36,38.15,37.94,37.72,37.53,37.31,37.14,36.95,36.71,36.54,36.33,36.1,35.89,35.66,35.43,35.21,34.99,34.78,34.57,34.42,34.27,34.1,33.98,33.86,33.74,33.55,33.41,33.27,33.12,32.97,32.83,32.72,32.58,32.47,32.32,32.2,32.02,31.9,31.79,31.65,31.55,31.42,31.33,31.25,31.16,31.07,30.96,30.85,30.77,30.61,30.49,30.36,30.24,30.16,30.03,29.94,29.82,29.77,29.65,29.54,29.44,29.32,29.22,29.07,28.99,28.89,28.81,28.74,28.63,28.52,28.46,28.34,28.28,28.16,28.1,28.01,27.93,27.87,27.78,27.72,27.63,27.55,27.47,27.37,27.3,27.2,27.17,27.11,27.07,27.07,26.96,26.93,26.86,26.81,26.73,26.63,26.62,26.55,26.51,26.41,26.34,26.25,26.17,26.13,26.01,26.03,25.95,25.98,25.92,25.9,25.86,25.85,25.8,25.67,25.66,25.54,25.53,25.48,25.45,25.46,25.36,25.39,25.35,25.21,25.2,25.15,25.12,25.06,25.02,24.99,24.94,24.91,24.92,24.84,24.83,24.81,24.78,24.69,24.63,24.59,24.46,24.43,24.42,24.4,24.37,24.32,24.35,24.35,24.3,24.25
2,8/22/22,1:37:37 PM,101-2,Normal,MA|30|150|5|0.075,24.77,0.29,8.96E-02,24.6,44.7,1.108,203854,0.99635,-4.69E-02,SOS|-93.66|0.0,0.45,153,0.52,23.96,23.99,24.11,24.34,24.74,25.23,25.87,26.54,27.38,28.28,29.13,30.09,31.01,31.82,32.53,33.15,33.71,34.1,34.48,34.74,34.97,35.11,35.19,35.22,35.15,35.13,35.02,34.92,34.74,34.66,34.49,34.28,34.06,33.87,33.72,33.47,33.29,33.14,33.01,32.88,32.69,32.56,32.41,32.26,32.08,31.9,31.79,31.63,31.5,31.35,31.26,31.14,31.05,30.96,30.8,30.67,30.54,30.37,30.22,30.07,29.96,29.9,29.79,29.73,29.66,29.59,29.56,29.4,29.34,29.26,29.18,29.09,28.98,28.93,28.81,28.74,28.61,28.55,28.45,28.41,28.4,28.34,28.27,28.18,28.16,28.06,27.97,27.89,27.87,27.8,27.69,27.63,27.54,27.52,27.42,27.33,27.31,27.29,27.22,27.18,27.15,27.16,27.1,26.98,26.96,26.87,26.77,26.66,26.61,26.57,26.51,26.42,26.37,26.31,26.24,26.25,26.16,26.14,26.08,26.07,26,25.95,25.9,25.8,25.75,25.69,25.69,25.59,25.58,25.54,25.46,25.4,25.32,25.33,25.28,25.25,25.21,25.17,25.13,25.03,24.98,24.92,24.95,24.89,24.87,24.84,24.79,24.76,24.72,24.75,24.72,24.71,24.69,,,,,,,,,,,,,,,,,,,,,,,,,,,,,,,,,,,,,,,,,,,,,,,,
3,8/22/22,1:38:28 PM,101-3,Normal,MA|30|150|5|0.075,24.85,0.25,0.0352432,24.5,44.6,1.123,203854,0.99635,-4.69E-02,SOS|-93.66|0.0,0.45,91,0.51,24.37,24.39,24.42,24.64,24.98,25.35,25.86,26.5,27.21,27.91,28.57,29.23,29.86,30.3,30.71,31.06,31.27,31.49,31.57,31.62,31.57,31.49,31.46,31.34,31.16,31.05,30.91,30.7,30.51,30.34,30.18,30,29.79,29.63,29.45,29.25,29.02,28.83,28.67,28.51,28.34,28.2,28.1,27.97,27.79,27.68,27.55,27.42,27.31,27.19,27.09,26.94,26.85,26.74,26.65,26.61,26.58,26.55,26.44,26.37,26.32,26.2,26.12,26.01,25.94,25.9,25.81,25.72,25.7,25.61,25.56,25.48,25.46,25.45,25.34,25.36,25.29,25.26,25.19,25.1,25.03,24.94,24.95,24.86,24.86,24.83,24.85,24.84,24.77,24.8,24.75,,,,,,,,,,,,,,,,,,,,,,,,,,,,,,,,,,,,,,,,,,,,,,,,,,,,,,,,,,,,,,,,,,,,,,,,,,,,,,,,,,,,,,,,,,,,,,,,,,,,,,,,,,,,,,
4,8/22/22,1:39:20 PM,101-4,Normal,MA|30|150|5|0.075,23.35,0.29,0.0408617,24.3,44.7,1.137,203854,0.99635,-4.69E-02,SOS|-93.66|0.0,0.45,94,0.51,24.43,24.38,24.3,24.3,24.45,24.71,25.09,25.5,26.05,26.61,27.25,27.78,28.28,28.83,29.22,29.53,29.74,29.98,30.11,30.14,30.16,30.16,30.1,30.04,29.96,29.8,29.71,29.56,29.42,29.2,29.06,28.96,28.77,28.62,28.46,28.35,28.13,27.95,27.75,27.65,27.49,27.33,27.22,27.14,27.03,26.82,26.71,26.61,26.51,26.35,26.22,26.14,26.03,25.94,25.87,25.78,25.74,25.68,25.61,25.49,25.34,25.24,25.09,24.94,24.86,24.82,24.74,24.64,24.61,24.61,24.5,24.43,24.35,24.3,24.18,24.1,24,23.97,23.91,23.85,23.81,23.74,23.69,23.57,23.49,23.43,23.38,23.35,23.37,23.35,23.33,23.32,23.3,23.24,,,,,,,,,,,,,,,,,,,,,,,,,,,,,,,,,,,,,,,,,,,,,,,,,,,,,,,,,,,,,,,,,,,,,,,,,,,,,,,,,,,,,,,,,,,,,,,,,,,,,,,,,,,
6,8/22/22,2:08:12 PM,105-2,Normal,MA|30|150|5|0.075,26.14,0.21,0.0837694,24.8,45.7,1.325,203854,0.99635,-4.69E-02,SOS|-93.66|0.0,0.45,136,0.52,31.19,31.16,31.26,31.32,31.5,31.81,32.14,32.5,32.91,33.36,33.72,34.05,34.42,34.73,34.96,35.17,35.42,35.57,35.68,35.75,35.82,35.86,35.79,35.75,35.68,35.59,35.48,35.34,35.23,35.12,34.96,34.85,34.77,34.65,34.49,34.36,34.22,34.06,33.89,33.74,33.62,33.49,33.31,33.18,33.01,32.85,32.69,32.54,32.43,32.27,32.19,32.08,31.96,31.85,31.74,31.67,31.49,31.4,31.29,31.18,31.06,30.91,30.82,30.7,30.61,30.51,30.4,30.3,30.2,30.08,29.96,29.9,29.81,29.72,29.67,29.56,29.47,29.36,29.28,29.23,29.08,29.03,28.93,28.82,28.7,28.54,28.47,28.37,28.29,28.2,28.09,28.01,27.99,27.91,27.84,27.82,27.79,27.71,27.61,27.5,27.48,27.42,27.36,27.33,27.26,27.21,27.13,27.06,27.04,26.99,26.97,26.93,26.88,26.83,26.74,26.72,26.63,26.61,26.56,26.52,26.49,26.45,26.46,26.38,26.36,26.3,26.26,26.21,26.1,26.11,26.1,26.11,26.09,26.12,26.18,26.16,,,,,,,,,,,,,,,,,,,,,,,,,,,,,,,,,,,,,,,,,,,,,,,,,,,,,,,,,,,,,,,,,
7,8/22/22,2:09:04 PM,105-3,Normal,MA|30|150|5|0.075,27.09,0.27,2.76E-02,25,45.1,1.341,203854,0.99635,-4.69E-02,SOS|-93.66|0.0,0.45,94,0.51,26.07,25.95,26,26.1,26.3,26.57,26.89,27.3,27.82,28.34,28.91,29.45,29.99,30.49,30.88,31.19,31.44,31.7,31.84,31.96,32.02,32.1,32.12,32.02,32.01,31.89,31.79,31.69,31.6,31.51,31.4,31.3,31.19,31.09,30.98,30.88,30.76,30.64,30.53,30.37,30.24,30.16,30.06,29.91,29.82,29.72,29.62,29.45,29.27,29.2,29.06,28.94,28.85,28.75,28.67,28.56,28.48,28.43,28.37,28.36,28.33,28.34,28.26,28.19,28.09,27.99,27.92,27.82,27.79,27.76,27.73,27.68,27.69,27.64,27.63,27.58,27.55,27.51,27.48,27.49,27.41,27.38,27.32,27.28,27.19,27.12,27.15,27.08,27.14,27.12,27.1,27.04,26.96,26.99,,,,,,,,,,,,,,,,,,,,,,,,,,,,,,,,,,,,,,,,,,,,,,,,,,,,,,,,,,,,,,,,,,,,,,,,,,,,,,,,,,,,,,,,,,,,,,,,,,,,,,,,,,,
8,8/22/22,2:10:07 PM,105-4,Normal,MA|30|150|5|0.075,25.78,0.29,4.15E-02,25,45.2,1.36,203854,0.99635,-4.69E-02,SOS|-93.66|0.0,0.45,113,0.51,26.82,26.8,26.76,26.92,27.03,27.28,27.53,27.93,28.39,28.78,29.28,29.73,30.21,30.57,30.9,31.12,31.37,31.51,31.62,31.66,31.65,31.74,31.69,31.75,31.64,31.65,31.57,31.48,31.39,31.22,31.18,30.99,30.88,30.79,30.65,30.55,30.4,30.39,30.27,30.09,29.93,29.78,29.61,29.47,29.34,29.24,29.22,29.13,29,28.88,28.78,28.66,28.5,28.38,28.32,28.2,28.1,28.06,28.01,27.94,27.9,27.84,27.76,27.69,27.6,27.54,27.45,27.41,27.42,27.3,27.3,27.24,27.16,27.1,27.05,27.06,26.94,26.94,26.93,26.86,26.82,26.77,26.81,26.74,26.7,26.71,26.65,26.62,26.54,26.52,26.42,26.35,26.35,26.27,26.28,26.23,26.24,26.24,26.17,26.12,26.05,26.03,25.97,25.9,25.83,25.89,25.82,25.76,25.76,25.74,25.75,25.68,25.69,,,,,,,,,,,,,,,,,,,,,,,,,,,,,,,,,,,,,,,,,,,,,,,,,,,,,,,,,,,,,,,,,,,,,,,,,,,,,,,,,,,,,,,,
9,8/22/22,2:11:17 PM,105-5,Normal,MA|30|150|5|0.075,23.67,0.28,5.55E-02,25,44.6,1.38,203854,0.99635,-4.69E-02,SOS|-93.66|0.0,0.45,127,0.51,25.54,25.5,25.52,25.59,25.82,26.12,26.46,26.86,27.32,27.82,28.26,28.71,29.1,29.53,29.84,30.07,30.34,30.58,30.75,30.83,30.98,31.03,30.98,30.82,30.72,30.66,30.47,30.32,30.2,30.12,30.02,29.9,29.78,29.7,29.59,29.5,29.37,29.23,29.12,28.98,28.86,28.73,28.62,28.5,28.4,28.3,28.19,28.07,27.95,27.84,27.69,27.61,27.5,27.4,27.34,27.26,27.22,27.12,26.99,26.93,26.84,26.76,26.62,26.5,26.45,26.32,26.21,26.22,26.16,26.11,26.09,26.1,26.08,25.98,25.9,25.85,25.79,25.68,25.6,25.5,25.47,25.45,25.37,25.31,25.25,25.19,25.13,25.07,25.01,24.99,24.89,24.86,24.84,24.75,24.73,24.7,24.68,24.66,24.58,24.56,24.52,24.48,24.43,24.39,24.34,24.29,24.2,24.13,24.13,24.09,24.08,24.03,24.02,23.97,23.93,23.89,23.81,23.8,23.76,23.72,23.64,23.62,23.65,23.63,23.63,23.61,23.64,,,,,,,,,,,,,,,,,,,,,,,,,,,,,,,,,,,,,,,,,,,,,,,,,,,,,,,,,,,,,,,,,,,,,,,,,,
10,8/22/22,2:28:53 PM,104-1,Normal,MA|30|150|5|0.075,22.28,0.24,9.62E-02,24.9,45.1,1.507,203854,0.99635,-4.69E-02,SOS|-93.66|0.0,0.45,177,0.52,8.33,8.34,8.44,8.75,9.19,9.77,10.65,11.67,12.77,13.99,15.34,16.68,17.95,19.23,20.47,21.7,22.8,23.8,24.76,25.6,26.38,27.09,27.66,28.21,28.74,29.22,29.67,30,30.34,30.69,30.92,31.17,31.31,31.45,31.62,31.72,31.81,31.83,31.93,31.99,32.01,31.96,31.93,31.88,31.78,31.71,31.6,31.51,31.41,31.32,31.23,31.08,30.97,30.9,30.79,30.71,30.62,30.59,30.47,30.31,30.21,30.03,29.84,29.67,29.55,29.4,29.25,29.13,29.08,28.95,28.83,28.74,28.61,28.45,28.3,28.15,28.01,27.86,27.78,27.75,27.64,27.57,27.47,27.44,27.32,27.18,27.09,26.96,26.9,26.76,26.67,26.57,26.47,26.42,26.31,26.25,26.14,26.05,25.96,25.87,25.82,25.71,25.62,25.51,25.46,25.35,25.26,25.17,25.11,25.07,25.05,24.98,24.93,24.89,24.82,24.79,24.63,24.59,24.5,24.49,24.44,24.39,24.41,24.35,24.3,24.16,24.11,24.03,23.93,23.93,23.88,23.88,23.81,23.72,23.73,23.62,23.6,23.55,23.55,23.57,23.5,23.49,23.47,23.38,23.3,23.23,23.17,23.13,23.07,23.05,23.07,23.04,23.06,22.98,22.95,22.9,22.82,22.75,22.66,22.58,22.52,22.55,22.46,22.53,22.5,22.53,22.46,22.34,22.38,22.29,22.25,22.21,22.25,22.32,22.22,22.27,22.32,,,,,,,,,,,,,,,,,,,,,,,,
11,8/22/22,2:30:17 PM,104-2,Normal,MA|30|150|5|0.075,20.04,0.33,9.57E-02,25,44.8,1.528,203854,0.99635,-4.69E-02,SOS|-93.66|0.0,0.45,154,0.52,22.25,22.23,22.28,22.32,22.63,23.04,23.57,24.16,24.82,25.58,26.27,26.96,27.55,28.09,28.61,28.99,29.31,29.55,29.85,30.01,30.14,30.17,30.23,30.26,30.14,30.08,29.94,29.87,29.7,29.55,29.43,29.29,29.15,29.02,28.88,28.74,28.61,28.44,28.29,28.15,28.04,27.87,27.72,27.6,27.44,27.41,27.22,27.15,27.03,26.96,26.89,26.69,26.65,26.59,26.53,26.43,26.35,26.27,26.19,26.06,25.98,25.85,25.71,25.61,25.49,25.38,25.28,25.2,25.13,25.03,24.91,24.81,24.7,24.57,24.48,24.36,24.29,24.2,24.11,24.03,23.93,23.9,23.78,23.69,23.55,23.48,23.44,23.32,23.2,23.13,23.05,22.92,22.86,22.78,22.75,22.69,22.66,22.66,22.59,22.54,22.52,22.53,22.47,22.37,22.32,22.26,22.18,22.07,21.97,21.9,21.75,21.64,21.59,21.51,21.47,21.41,21.4,21.34,21.31,21.26,21.26,21.24,21.17,21.14,21,20.92,20.84,20.78,20.78,20.79,20.77,20.74,20.67,20.6,20.52,20.45,20.4,20.38,20.35,20.31,20.3,20.25,20.24,20.21,20.15,20.14,20.09,20.04,19.99,20.01,19.99,20.02,19.99,19.97,,,,,,,,,,,,,,,,,,,,,,,,,,,,,,,,,,,,,,,,,,,,,,,
12,8/22/22,2:31:25 PM,104-3,Normal,MA|30|150|5|0.075,19.45,0.28,5.94E-02,25.2,44.3,1.545,203854,0.99635,-4.69E-02,SOS|-93.66|0.0,0.45,124,0.52,19.72,19.63,19.6,19.58,19.73,19.87,20.18,20.59,21.13,21.82,22.41,23.18,23.95,24.6,25.2,25.77,26.3,26.65,26.99,27.23,27.46,27.6,27.72,27.87,27.87,27.87,27.82,27.75,27.72,27.5,27.38,27.32,27.18,27.07,26.91,26.79,26.68,26.48,26.36,26.15,25.96,25.82,25.71,25.54,25.39,25.26,25.14,24.99,24.78,24.63,24.47,24.38,24.2,24.08,23.96,23.87,23.79,23.61,23.49,23.4,23.33,23.16,23.06,22.98,22.96,22.85,22.72,22.63,22.52,22.41,22.24,22.1,21.96,21.91,21.84,21.74,21.66,21.58,21.56,21.44,21.36,21.26,21.18,21.15,21.07,21.02,20.91,20.85,20.74,20.66,20.58,20.47,20.45,20.41,20.45,20.38,20.34,20.35,20.23,20.13,20.05,20.01,19.93,19.83,19.84,19.83,19.81,19.74,19.71,19.7,19.7,19.65,19.61,19.63,19.56,19.49,19.42,19.45,19.43,19.36,19.42,19.43,19.48,19.45,,,,,,,,,,,,,,,,,,,,,,,,,,,,,,,,,,,,,,,,,,,,,,,,,,,,,,,,,,,,,,,,,,,,,,,,,,,,,
13,8/22/22,2:31:59 PM,104-4,Normal,MA|30|150|5|0.075,26.55,0.28,6.46E-03,25.3,44.1,1.554,203854,0.99635,-4.69E-02,SOS|-93.66|0.0,0.45,59,0.51,19.46,19.49,19.67,19.88,20.21,20.71,21.35,21.99,22.77,23.55,24.27,24.95,25.55,26.15,26.56,26.97,27.29,27.61,27.88,28.05,28.2,28.32,28.43,28.46,28.44,28.43,28.38,28.33,28.24,28.19,28.13,28.02,27.96,27.85,27.8,27.66,27.55,27.44,27.32,27.22,27.09,27.04,26.91,26.8,26.74,26.61,26.59,26.49,26.5,26.55,26.58,26.6,26.59,26.6,26.61,26.55,26.53,26.53,26.36,,,,,,,,,,,,,,,,,,,,,,,,,,,,,,,,,,,,,,,,,,,,,,,,,,,,,,,,,,,,,,,,,,,,,,,,,,,,,,,,,,,,,,,,,,,,,,,,,,,,,,,,,,,,,,,,,,,,,,,,,,,,,,,,,,,,,,,,,,,,,,
14,8/22/22,2:49:08 PM,102-1,Normal,MA|30|150|5|0.075,32.65,0.16,2.42E-02,24.9,46.2,1.65,203854,0.99635,-4.69E-02,SOS|-93.66|0.0,0.45,111,0.52,5.52,5.52,5.61,5.92,6.34,6.9,7.81,8.82,10.05,11.36,12.8,14.45,16,17.57,19.04,20.56,22.08,23.36,24.57,25.74,26.84,27.9,28.79,29.69,30.46,31.23,31.98,32.51,33.04,33.5,33.96,34.34,34.64,34.98,35.27,35.5,35.75,35.88,36.03,36.16,36.22,36.3,36.32,36.4,36.47,36.45,36.5,36.48,36.48,36.46,36.4,36.39,36.37,36.37,36.26,36.23,36.17,36.1,36.07,36.02,35.93,35.89,35.79,35.71,35.65,35.53,35.49,35.37,35.3,35.26,35.12,35.02,34.92,34.86,34.8,34.69,34.64,34.59,34.49,34.4,34.24,34.12,34.01,33.86,33.74,33.62,33.58,33.53,33.45,33.45,33.4,33.35,33.26,33.21,33.16,33.08,33.05,32.96,32.96,32.92,32.84,32.76,32.68,32.64,32.61,32.61,32.59,32.61,32.68,32.69,32.64,,,,,,,,,,,,,,,,,,,,,,,,,,,,,,,,,,,,,,,,,,,,,,,,,,,,,,,,,,,,,,,,,,,,,,,,,,,,,,,,,,,,,,,,,,
15,8/22/22,2:50:30 PM,102-2,Normal,MA|30|150|5|0.075,28.07,0.22,9.33E-02,25,46.5,1.678,203854,0.99635,-4.69E-02,SOS|-93.66|0.0,0.45,149,0.52,32.38,32.34,32.41,32.54,32.7,32.91,33.09,33.36,33.6,33.9,34.27,34.53,34.86,35.12,35.4,35.58,35.67,35.83,35.87,35.95,35.91,35.9,35.83,35.74,35.62,35.57,35.55,35.55,35.59,35.72,35.9,35.94,36.08,36.18,36.35,36.42,36.48,36.6,36.68,36.7,36.74,36.71,36.72,36.66,36.53,36.47,36.31,36.25,36.04,35.94,35.85,35.73,35.55,35.4,35.29,35.12,34.93,34.78,34.67,34.49,34.33,34.14,34.01,33.84,33.68,33.54,33.46,33.34,33.23,33.12,33,32.87,32.72,32.65,32.5,32.38,32.27,32.18,32.05,31.89,31.8,31.71,31.61,31.48,31.42,31.32,31.25,31.2,31.08,31.1,31.02,31.01,30.86,30.73,30.68,30.53,30.4,30.24,30.17,30.11,30.01,29.96,29.89,29.87,29.81,29.78,29.79,29.69,29.68,29.58,29.57,29.49,29.41,29.32,29.28,29.22,29.16,29.12,29.01,29.02,28.96,28.91,28.82,28.72,28.74,28.65,28.64,28.61,28.62,28.58,28.49,28.43,28.35,28.37,28.35,28.34,28.31,28.31,28.28,28.16,28.11,28.1,28.11,28.07,28.07,28.1,28.05,27.98,27.95,,,,,,,,,,,,,,,,,,,,,,,,,,,,,,,,,,,,,,,,,,,,,,,,,,,,
16,8/22/22,2:51:26 PM,102-3,Normal,MA|30|150|5|0.075,30.42,0.21,2.65E-02,25.2,44.9,1.697,203854,0.99635,-4.69E-02,SOS|-93.66|0.0,0.45,102,0.51,27.69,27.73,27.74,27.85,27.98,28.23,28.61,29.04,29.48,30.02,30.63,31.15,31.58,31.97,32.34,32.67,32.85,33.04,33.28,33.45,33.61,33.67,33.8,33.83,33.82,33.85,33.82,33.84,33.85,33.86,33.91,33.85,33.82,33.79,33.75,33.76,33.53,33.46,33.4,33.35,33.32,33.28,33.27,33.3,33.24,33.18,33.15,33.11,33.1,33.1,33.11,33.15,33.09,33.09,33.01,32.96,32.94,32.9,32.93,32.84,32.86,32.8,32.73,32.69,32.59,32.55,32.44,32.31,32.28,32.18,32.05,31.99,31.9,31.85,31.78,31.68,31.65,31.59,31.53,31.47,31.41,31.3,31.2,31.11,31.06,31.01,30.91,30.9,30.87,30.77,30.72,30.59,30.56,30.46,30.45,30.42,30.37,30.43,30.36,30.39,30.36,30.37,,,,,,,,,,,,,,,,,,,,,,,,,,,,,,,,,,,,,,,,,,,,,,,,,,,,,,,,,,,,,,,,,,,,,,,,,,,,,,,,,,,,,,,,,,,,,,,,,,,
17,8/22/22,2:52:16 PM,102-4,Normal,MA|30|150|5|0.075,29.46,0.25,2.33E-02,25.2,44.6,1.714,203854,0.99635,-4.69E-02,SOS|-93.66|0.0,0.45,85,0.51,30.18,30.19,30.29,30.35,30.32,30.5,30.75,31.05,31.37,31.76,32.14,32.57,32.89,33.17,33.36,33.54,33.64,33.68,33.7,33.71,33.72,33.65,33.67,33.67,33.63,33.53,33.43,33.34,33.21,33.11,32.98,32.89,32.78,32.67,32.57,32.42,32.31,32.17,32.08,31.96,31.89,31.8,31.73,31.64,31.51,31.41,31.26,31.17,31.07,31.01,30.88,30.82,30.78,30.72,30.64,30.53,30.5,30.48,30.38,30.33,30.27,30.25,30.2,30.12,30.08,30.01,30,29.96,29.93,29.94,29.93,29.87,29.83,29.74,29.73,29.63,29.51,29.48,29.47,29.41,29.41,29.36,29.4,29.44,29.44,,,,,,,,,,,,,,,,,,,,,,,,,,,,,,,,,,,,,,,,,,,,,,,,,,,,,,,,,,,,,,,,,,,,,,,,,,,,,,,,,,,,,,,,,,,,,,,,,,,,,,,,,,,,,,,,,,,,
18,8/22/22,3:19:15 PM,103-1,Normal,MA|30|150|5|0.075,23.62,0.29,4.20E-02,25.7,43.9,1.834,203854,0.99635,-4.69E-02,SOS|-93.66|0.0,0.45,118,0.51,5.32,5.62,5.99,6.62,7.48,8.51,9.84,11.3,12.8,14.28,15.85,17.49,18.87,20.23,21.44,22.71,23.78,24.68,25.6,26.37,27.11,27.66,28.18,28.6,28.97,29.27,29.5,29.64,29.84,29.96,30.07,30.14,30.19,30.23,30.14,30.07,29.97,29.84,29.74,29.65,29.56,29.49,29.31,29.23,29.06,28.85,28.7,28.54,28.43,28.22,28.07,27.98,27.83,27.69,27.55,27.48,27.31,27.17,27.07,26.91,26.77,26.59,26.51,26.35,26.21,26.18,26.08,26.05,25.97,25.97,25.93,25.83,25.78,25.7,25.66,25.56,25.48,25.42,25.44,25.37,25.34,25.33,25.26,25.2,25.12,25,24.95,24.89,24.79,24.75,24.67,24.7,24.6,24.51,24.51,24.43,24.3,24.22,24.17,24.1,24.01,23.95,23.94,23.89,23.8,23.82,23.81,23.78,23.76,23.71,23.65,23.62,23.59,23.59,23.58,23.55,23.64,23.56,,,,,,,,,,,,,,,,,,,,,,,,,,,,,,,,,,,,,,,,,,,,,,,,,,,,,,,,,,,,,,,,,,,,,,,,,,,,,,,,,,,
19,8/22/22,3:20:00 PM,103-2,Normal,MA|30|150|5|0.075,25.39,0.28,2.18E-02,25.7,43.7,1.847,203854,0.99635,-4.69E-02,SOS|-93.66|0.0,0.45,80,0.51,23.21,23.12,23.07,23.14,23.23,23.48,23.91,24.29,24.82,25.44,26.02,26.6,27.07,27.64,28.05,28.41,28.73,29.01,29.24,29.43,29.59,29.67,29.72,29.78,29.84,29.79,29.8,29.74,29.67,29.53,29.35,29.24,29.13,29.03,28.92,28.8,28.77,28.65,28.44,28.28,28.17,28.05,27.92,27.79,27.68,27.63,27.45,27.37,27.25,27.13,27.05,26.91,26.82,26.71,26.58,26.47,26.38,26.32,26.26,26.13,26.11,26.04,25.98,25.91,25.84,25.83,25.75,25.74,25.65,25.59,25.53,25.47,25.39,25.38,25.35,25.36,25.37,25.34,25.38,25.28,,,,,,,,,,,,,,,,,,,,,,,,,,,,,,,,,,,,,,,,,,,,,,,,,,,,,,,,,,,,,,,,,,,,,,,,,,,,,,,,,,,,,,,,,,,,,,,,,,,,,,,,,,,,,,,,,,,,,,,,,
20,8/22/22,3:20:51 PM,103-3,Normal,MA|30|150|5|0.075,30.33,0.21,0.0161622,25.7,43.6,1.863,203854,0.99635,-4.69E-02,SOS|-93.66|0.0,0.45,89,0.51,25.15,25.14,25.27,25.35,25.58,25.9,26.26,26.72,27.2,27.77,28.34,28.96,29.57,30.07,30.61,31.06,31.52,31.88,32.25,32.56,32.77,33.02,33.19,33.32,33.4,33.5,33.59,33.68,33.68,33.65,33.57,33.55,33.5,33.41,33.35,33.27,33.22,33.14,33.05,32.96,32.88,32.8,32.67,32.56,32.43,32.34,32.23,32.17,32.06,31.99,31.9,31.8,31.73,31.6,31.53,31.45,31.32,31.26,31.17,31.13,31.12,31.03,31.04,30.99,30.94,30.94,30.91,30.89,30.84,30.78,30.75,30.67,30.61,30.59,30.65,30.61,30.58,30.53,30.52,30.49,30.37,30.33,30.32,30.32,30.29,30.27,30.3,30.34,30.29,,,,,,,,,,,,,,,,,,,,,,,,,,,,,,,,,,,,,,,,,,,,,,,,,,,,,,,,,,,,,,,,,,,,,,,,,,,,,,,,,,,,,,,,,,,,,,,,,,,,,,,,,,,,,,,,
21,8/22/22,3:21:42 PM,103-4,Normal,MA|30|150|5|0.075,28.12,0.24,3.22E-02,25.7,43.5,1.88,203854,0.99635,-4.69E-02,SOS|-93.66|0.0,0.45,92,0.51,30.11,30.05,30.11,30.22,30.37,30.56,30.84,31.21,31.6,32,32.4,32.78,33.07,33.3,33.51,33.59,33.64,33.69,33.68,33.67,33.56,33.56,33.46,33.35,33.29,33.15,32.99,32.8,32.65,32.5,32.32,32.18,32.07,31.94,31.85,31.73,31.63,31.52,31.41,31.35,31.15,31.05,30.89,30.8,30.68,30.49,30.43,30.3,30.22,30.12,30.01,29.95,29.86,29.78,29.72,29.62,29.55,29.48,29.38,29.35,29.28,29.23,29.16,29.12,29.05,28.99,28.88,28.87,28.84,28.8,28.77,28.68,28.67,28.58,28.55,28.57,28.53,28.51,28.5,28.44,28.4,28.31,28.27,28.22,28.13,28.13,28.09,28.08,28.07,28.11,28.09,28.06,,,,,,,,,,,,,,,,,,,,,,,,,,,,,,,,,,,,,,,,,,,,,,,,,,,,,,,,,,,,,,,,,,,,,,,,,,,,,,,,,,,,,,,,,,,,,,,,,,,,,,,,,,,,,
23,8/22/22,3:49:27 PM,107-2,Normal,MA|30|150|5|0.075,30.23,0.24,0.1153927,24.8,44.7,2.043,203854,0.99635,-4.69E-02,SOS|-93.66|0.0,0.45,173,0.52,34.66,34.85,35.04,35.22,35.48,35.79,36.04,36.39,36.74,37.17,37.51,37.9,38.21,38.57,38.82,39.08,39.34,39.53,39.78,39.91,40.05,40.16,40.21,40.26,40.26,40.22,40.2,40.14,40.05,39.99,39.91,39.86,39.73,39.57,39.48,39.35,39.23,39.12,39.05,39.04,38.97,38.82,38.72,38.61,38.5,38.35,38.22,38.16,38.08,37.95,37.89,37.79,37.74,37.65,37.5,37.43,37.29,37.19,37.02,36.89,36.79,36.68,36.63,36.57,36.52,36.44,36.44,36.35,36.24,36.11,36.03,35.96,35.83,35.77,35.71,35.64,35.56,35.45,35.38,35.29,35.16,35.04,34.92,34.82,34.74,34.6,34.52,34.45,34.39,34.34,34.28,34.27,34.18,34.07,33.99,33.88,33.79,33.7,33.6,33.6,33.48,33.42,33.3,33.18,33.12,33.04,32.98,32.88,32.84,32.78,32.72,32.66,32.69,32.68,32.6,32.58,32.52,32.47,32.33,32.29,32.25,32.23,32.17,32.14,32.11,32.03,31.99,31.92,31.87,31.78,31.71,31.71,31.67,31.63,31.58,31.55,31.56,31.48,31.48,31.41,31.43,31.41,31.35,31.36,31.25,31.19,31.06,31.01,30.94,30.92,30.89,30.9,30.93,30.83,30.8,30.65,30.6,30.53,30.46,30.45,30.44,30.46,30.43,30.37,30.33,30.24,30.23,30.22,30.17,30.2,30.17,30.21,30.13,,,,,,,,,,,,,,,,,,,,,,,,,,,,
24,8/22/22,3:50:30 PM,107-3,Normal,MA|30|150|5|0.075,28.02,0.24,4.29E-02,24.7,44.3,2.064,203854,0.99635,-4.69E-02,SOS|-93.66|0.0,0.45,114,0.51,29.78,29.68,29.68,29.79,29.86,30.08,30.33,30.67,31.02,31.37,31.74,32.12,32.53,32.8,33.05,33.23,33.37,33.44,33.5,33.48,33.49,33.51,33.56,33.53,33.5,33.5,33.43,33.39,33.26,33.14,33.04,32.95,32.8,32.77,32.6,32.52,32.4,32.3,32.24,32.04,31.99,31.94,31.78,31.66,31.6,31.52,31.48,31.36,31.33,31.2,31.11,31.04,30.88,30.83,30.72,30.76,30.65,30.61,30.59,30.49,30.43,30.31,30.3,30.16,30.09,30.07,30,29.96,29.86,29.86,29.75,29.64,29.59,29.58,29.53,29.43,29.42,29.43,29.35,29.26,29.25,29.21,29.14,29.1,29.02,28.96,28.86,28.8,28.79,28.71,28.74,28.72,28.68,28.63,28.53,28.45,28.38,28.31,28.27,28.28,28.28,28.29,28.26,28.2,28.16,28.07,28.04,28.01,28,28.01,27.99,28,27.97,27.91,,,,,,,,,,,,,,,,,,,,,,,,,,,,,,,,,,,,,,,,,,,,,,,,,,,,,,,,,,,,,,,,,,,,,,,,,,,,,,,,,,,,,,,
25,8/22/22,3:51:26 PM,107-4,Normal,MA|30|150|5|0.075,30.92,0.2,2.01E-02,24.8,44.7,2.083,203854,0.99635,-4.69E-02,SOS|-93.66|0.0,0.45,100,0.51,27.55,27.51,27.5,27.55,27.73,27.99,28.31,28.65,29.07,29.52,30,30.46,30.92,31.34,31.78,32.17,32.49,32.76,32.99,33.26,33.44,33.62,33.71,33.8,33.88,33.86,33.92,33.87,33.94,33.97,33.96,34.02,33.98,33.98,33.89,33.9,33.89,33.87,33.73,33.68,33.62,33.47,33.45,33.39,33.38,33.39,33.3,33.29,33.25,33.21,33.15,33.1,33.07,33.02,32.97,32.82,32.79,32.68,32.64,32.61,32.53,32.52,32.43,32.35,32.27,32.17,32.14,32.1,32.05,32.05,32,32.01,31.97,31.92,31.86,31.82,31.77,31.67,31.62,31.54,31.45,31.36,31.37,31.38,31.29,31.27,31.26,31.25,31.17,31.08,31.02,31.01,30.91,30.9,30.85,30.86,30.88,30.88,30.96,30.92,,,,,,,,,,,,,,,,,,,,,,,,,,,,,,,,,,,,,,,,,,,,,,,,,,,,,,,,,,,,,,,,,,,,,,,,,,,,,,,,,,,,,,,,,,,,,,,,,,,,,
26,8/22/22,3:52:27 PM,107-5,Normal,MA|30|150|5|0.075,27.54,0.25,5.06E-02,25,45.3,2.103,203854,0.99635,-4.69E-02,SOS|-93.66|0.0,0.45,108,0.51,30.65,30.68,30.8,30.98,31.26,31.52,31.87,32.25,32.63,33.06,33.39,33.72,34.02,34.22,34.43,34.47,34.49,34.58,34.51,34.5,34.46,34.43,34.38,34.28,34.22,34.05,33.9,33.76,33.68,33.52,33.37,33.24,33.15,33.04,32.89,32.73,32.56,32.45,32.3,32.15,32.01,31.84,31.75,31.63,31.51,31.37,31.19,31.09,30.97,30.9,30.76,30.7,30.68,30.68,30.58,30.44,30.37,30.25,30.18,30.09,30.01,29.95,29.89,29.81,29.76,29.68,29.58,29.52,29.4,29.41,29.31,29.21,29.17,29.05,29.03,28.86,28.83,28.78,28.74,28.71,28.61,28.58,28.41,28.33,28.3,28.21,28.19,28.11,28.1,28.06,27.95,27.95,27.93,27.93,27.91,27.85,27.83,27.78,27.64,27.59,27.58,27.59,27.56,27.51,27.55,27.52,27.46,27.41,,,,,,,,,,,,,,,,,,,,,,,,,,,,,,,,,,,,,,,,,,,,,,,,,,,,,,,,,,,,,,,,,,,,,,,,,,,,,,,,,,,,,,,,,,,,,
28,8/22/22,4:15:31 PM,109-2,Normal,MA|30|150|5|0.075,31.53,0.16,4.67E-02,25,46.9,2.222,203854,0.99635,-4.69E-02,SOS|-93.66|0.0,0.45,119,0.51,36.13,35.96,35.82,35.88,35.88,35.95,36.04,36.2,36.35,36.48,36.57,36.72,36.84,37.02,37.07,37.18,37.23,37.22,37.23,37.16,37.12,37.06,37.01,36.92,36.84,36.73,36.7,36.58,36.46,36.41,36.28,36.18,36.03,35.95,35.91,35.8,35.75,35.68,35.61,35.52,35.41,35.36,35.25,35.15,35.11,35.01,34.95,34.88,34.81,34.74,34.62,34.53,34.43,34.39,34.3,34.24,34.17,34.15,34.08,33.93,33.91,33.83,33.81,33.77,33.74,33.75,33.65,33.62,33.57,33.57,33.5,33.44,33.42,33.39,33.33,33.24,33.17,33.12,33.04,33.04,32.98,32.93,32.93,32.91,32.89,32.77,32.73,32.67,32.61,32.51,32.43,32.4,32.38,32.37,32.3,32.34,32.3,32.29,32.24,32.13,32.13,32,31.96,31.91,31.87,31.87,31.79,31.75,31.75,31.63,31.56,31.49,31.49,31.46,31.5,31.54,31.54,31.55,31.49,,,,,,,,,,,,,,,,,,,,,,,,,,,,,,,,,,,,,,,,,,,,,,,,,,,,,,,,,,,,,,,,,,,,,,,,,,,,,,,,,,
29,8/22/22,4:16:49 PM,109-3,Normal,MA|30|150|5|0.075,31.04,0.24,5.42E-02,25.2,46.3,2.25,203854,0.99635,-4.69E-02,SOS|-93.66|0.0,0.45,140,0.51,31.16,31.21,31.3,31.48,31.74,32.07,32.4,32.76,33.22,33.62,34.06,34.43,34.8,35.16,35.44,35.67,35.81,36.04,36.21,36.36,36.42,36.51,36.61,36.61,36.59,36.57,36.59,36.53,36.44,36.34,36.25,36.15,36.06,35.97,35.94,35.88,35.85,35.8,35.75,35.71,35.68,35.64,35.59,35.49,35.4,35.36,35.29,35.21,35.14,35.14,35.06,35.01,34.92,34.85,34.73,34.59,34.54,34.46,34.4,34.38,34.35,34.34,34.28,34.18,34.11,34.01,34.03,33.94,33.91,33.93,33.87,33.81,33.77,33.72,33.74,33.66,33.61,33.63,33.52,33.49,33.35,33.3,33.3,33.23,33.24,33.17,33.19,33.13,33.07,33,32.92,32.92,32.86,32.86,32.83,32.83,32.82,32.75,32.71,32.66,32.58,32.51,32.44,32.37,32.3,32.25,32.23,32.2,32.21,32.19,32.18,32.14,32.07,32.05,31.95,31.9,31.84,31.74,31.7,31.66,31.63,31.62,31.59,31.59,31.58,31.52,31.43,31.38,31.27,31.21,31.14,31.1,31.11,31.09,31.06,31.01,31,30.95,30.96,30.93,,,,,,,,,,,,,,,,,,,,,,,,,,,,,,,,,,,,,,,,,,,,,,,,,,,,,,,,,,,,,
30,8/22/22,4:18:36 PM,109-4,Normal,MA|30|150|5|0.075,26.61,0.24,0.1368241,25.5,45.5,2.286,203854,0.99635,-4.69E-02,SOS|-93.66|0.0,0.45,199,0.52,30.66,30.53,30.46,30.56,30.63,30.81,31.05,31.39,31.79,32.12,32.61,33.06,33.45,33.79,34.18,34.56,34.81,35.03,35.27,35.48,35.57,35.71,35.82,35.94,36,36.07,36.15,36.14,36.17,36.16,36.19,36.21,36.14,36.13,36.07,36.08,35.92,35.83,35.82,35.73,35.65,35.6,35.54,35.48,35.43,35.37,35.31,35.18,35.13,35.03,34.95,34.86,34.78,34.74,34.63,34.57,34.46,34.38,34.32,34.22,34.19,34.08,33.99,33.91,33.89,33.78,33.69,33.65,33.53,33.48,33.34,33.28,33.13,33.03,33.03,32.91,32.86,32.83,32.78,32.71,32.6,32.56,32.5,32.39,32.4,32.3,32.29,32.21,32.15,32.14,31.99,31.93,31.84,31.73,31.71,31.6,31.61,31.55,31.53,31.55,31.44,31.42,31.38,31.34,31.24,31.17,31.11,31.05,30.94,30.95,30.91,30.83,30.75,30.65,30.61,30.5,30.42,30.38,30.37,30.31,30.22,30.16,30.15,30.11,30.08,30.01,30.01,29.89,29.89,29.75,29.71,29.73,29.66,29.63,29.53,29.52,29.39,29.31,29.29,29.3,29.24,29.2,29.18,29.11,29.03,28.95,28.93,28.87,28.85,28.81,28.77,28.69,28.58,28.59,28.53,28.5,28.46,28.42,28.4,28.26,28.18,28.14,28.07,28.01,27.95,27.93,27.91,27.8,27.8,27.76,27.75,27.74,27.66,27.63,27.5,27.46,27.4,27.27,27.26,27.25,27.23,27.18,27.09,27.08,26.97,26.9,26.82,26.82,26.78,26.74,26.7,26.64,26.61,26.58,26.58,26.57,26.57,26.6,26.54,,
31,8/22/22,4:19:40 PM,109-5,Normal,MA|30|150|5|0.075,26.54,0.28,0.0489375,25.5,45.2,2.306,203854,0.99635,-4.69E-02,SOS|-93.66|0.0,0.45,116,0.51,26.14,26.08,26.15,26.37,26.63,26.99,27.36,27.87,28.47,29.03,29.61,30.17,30.73,31.21,31.62,31.92,32.27,32.49,32.71,32.85,32.94,33.05,33.09,33.07,32.99,32.92,32.86,32.76,32.66,32.58,32.49,32.42,32.26,32.16,32.05,31.94,31.79,31.65,31.56,31.45,31.3,31.16,31.07,30.94,30.86,30.75,30.68,30.55,30.49,30.4,30.25,30.2,30.06,30,29.92,29.85,29.82,29.7,29.62,29.59,29.52,29.51,29.44,29.42,29.44,29.37,29.33,29.26,29.22,29.16,29.09,29.03,28.92,28.86,28.76,28.72,28.59,28.56,28.45,28.34,28.25,28.13,28.06,27.98,27.97,27.91,27.88,27.81,27.74,27.68,27.57,27.53,27.44,27.35,27.36,27.31,27.3,27.2,27.16,27.18,27.09,27.02,26.95,26.94,26.88,26.77,26.68,26.59,26.6,26.56,26.52,26.51,26.56,26.52,26.45,26.42,,,,,,,,,,,,,,,,,,,,,,,,,,,,,,,,,,,,,,,,,,,,,,,,,,,,,,,,,,,,,,,,,,,,,,,,,,,,,,,,,,,,,
32,8/22/22,4:39:12 PM,112-1,Normal,MA|30|150|5|0.075,26.97,0.26,6.72E-03,25.1,46.4,2.393,203854,0.99635,-4.69E-02,SOS|-93.66|0.0,0.45,77,0.51,4.87,4.94,5.33,5.92,6.74,7.82,8.95,10.27,11.78,13.22,14.61,16,17.53,18.94,20.18,21.34,22.39,23.45,24.26,25,25.58,26.16,26.69,27.04,27.39,27.62,27.96,28.16,28.25,28.4,28.46,28.59,28.64,28.63,28.73,28.69,28.72,28.65,28.58,28.58,28.51,28.44,28.4,28.38,28.37,28.3,28.21,28.15,28.07,27.96,27.84,27.81,27.77,27.78,27.68,27.65,27.6,27.49,27.43,27.36,27.33,27.28,27.28,27.25,27.25,27.2,27.13,27.13,27.02,27.02,26.95,26.91,26.95,26.91,26.98,26.93,26.92,,,,,,,,,,,,,,,,,,,,,,,,,,,,,,,,,,,,,,,,,,,,,,,,,,,,,,,,,,,,,,,,,,,,,,,,,,,,,,,,,,,,,,,,,,,,,,,,,,,,,,,,,,,,,,,,,,,,,,,,,,,,
33,8/22/22,4:39:49 PM,112-2,Normal,MA|30|150|5|0.075,33.49,0.18,2.83E-03,25.4,45.7,2.405,203854,0.99635,-4.69E-02,SOS|-93.66|0.0,0.45,64,0.51,26.94,26.98,27.02,27.05,27.2,27.46,27.76,28.09,28.52,28.96,29.5,29.91,30.41,30.87,31.25,31.68,32.01,32.4,32.66,32.95,33.2,33.39,33.58,33.74,33.83,33.92,34.04,34.09,34.15,34.17,34.22,34.28,34.21,34.22,34.2,34.21,34.23,34.13,34.14,34.15,34.11,34.1,34,33.95,34.01,34,34.01,34.05,34,33.99,33.95,33.76,33.73,33.69,33.62,33.54,33.52,33.52,33.45,33.44,33.44,33.52,33.44,33.43,,,,,,,,,,,,,,,,,,,,,,,,,,,,,,,,,,,,,,,,,,,,,,,,,,,,,,,,,,,,,,,,,,,,,,,,,,,,,,,,,,,,,,,,,,,,,,,,,,,,,,,,,,,,,,,,,,,,,,,,,,,,,,,,,,,,,,,,,
34,8/22/22,4:41:13 PM,112-3,Normal,MA|30|150|5|0.075,23.27,0.29,0.151613,25.4,45.5,2.433,203854,0.99635,-4.69E-02,SOS|-93.66|0.0,0.45,154,0.51,33.4,33.45,33.45,33.48,33.63,33.82,34.05,34.28,34.59,34.94,35.27,35.71,36.17,36.64,37.16,37.64,38.14,38.56,38.93,39.22,39.45,39.58,39.67,39.71,39.69,39.63,39.5,39.39,39.24,39.08,38.84,38.62,38.42,38.17,37.95,37.56,37.3,37.02,36.71,36.44,36.11,35.92,35.67,35.42,35.15,34.84,34.58,34.33,34.06,33.8,33.55,33.31,33.06,32.77,32.54,32.32,32.1,31.93,31.75,31.58,31.39,31.2,31.06,30.85,30.66,30.54,30.4,30.26,30.12,30,29.86,29.71,29.57,29.43,29.31,29.16,29.06,28.95,28.85,28.74,28.63,28.57,28.48,28.4,28.29,28.22,28.13,28.07,27.93,27.82,27.69,27.58,27.46,27.31,27.22,27.16,27.12,27.01,26.93,26.82,26.73,26.64,26.52,26.44,26.3,26.24,26.16,26.01,25.96,25.9,25.85,25.73,25.63,25.55,25.45,25.39,25.25,25.12,25.02,24.96,24.83,24.7,24.63,24.62,24.57,24.5,24.44,24.38,24.31,24.19,24.13,24.03,23.99,23.93,23.91,23.87,23.77,23.74,23.65,23.56,23.52,23.46,23.44,23.4,23.41,23.37,23.3,23.28,23.24,23.22,23.22,23.22,23.25,23.25,,,,,,,,,,,,,,,,,,,,,,,,,,,,,,,,,,,,,,,,,,,,,,,
35,8/22/22,4:41:52 PM,112-4,Normal,MA|30|150|5|0.075,29.55,0.19,1.47E-02,25.5,45.7,2.445,203854,0.99635,-4.69E-02,SOS|-93.66|0.0,0.45,65,0.51,22.88,23.03,23.33,23.8,24.38,25.13,25.83,26.57,27.46,28.3,29.04,29.75,30.5,31.18,31.74,32.25,32.69,33.11,33.38,33.62,33.67,33.77,33.79,33.78,33.74,33.67,33.63,33.52,33.4,33.26,33.06,32.9,32.73,32.52,32.34,32.16,31.98,31.75,31.57,31.42,31.18,31.03,30.9,30.77,30.58,30.41,30.36,30.18,30.11,30,30,29.95,29.88,29.83,29.71,29.68,29.59,29.57,29.48,29.52,29.55,29.5,29.52,29.54,29.55,,,,,,,,,,,,,,,,,,,,,,,,,,,,,,,,,,,,,,,,,,,,,,,,,,,,,,,,,,,,,,,,,,,,,,,,,,,,,,,,,,,,,,,,,,,,,,,,,,,,,,,,,,,,,,,,,,,,,,,,,,,,,,,,,,,,,,,,
36,8/22/22,4:42:37 PM,112-5,Aborted,MA|30|150|5|0.075,27.69,0.76,0.0458837,25.5,46,2.46,203854,0.99635,-4.69E-02,SOS|-93.66|0.0,0.45,75,0.51,30.35,30.82,31.2,31.71,32.32,32.99,33.61,34.22,34.89,35.46,36.04,36.54,36.92,37.25,37.47,37.71,37.73,37.79,37.8,37.76,37.63,37.54,37.42,37.2,36.9,36.67,36.44,36.1,35.78,35.41,35.12,34.76,34.4,34.05,33.75,33.49,33.19,32.9,32.59,32.29,32.01,31.69,31.39,31.09,30.88,30.63,30.33,30.1,29.82,29.63,29.39,29.16,28.98,28.76,28.61,28.42,28.17,28.07,27.93,27.83,27.74,27.56,27.55,27.4,27.37,27.39,27.41,27.55,27.55,27.68,27.76,27.81,27.89,27.92,27.97,,,,,,,,,,,,,,,,,,,,,,,,,,,,,,,,,,,,,,,,,,,,,,,,,,,,,,,,,,,,,,,,,,,,,,,,,,,,,,,,,,,,,,,,,,,,,,,,,,,,,,,,,,,,,,,,,,,,,,,,,,,,,,
37,8/22/22,4:44:11 PM,112-5,Normal,MA|30|150|5|0.075,17.98,0.4,0.1880324,25.6,45.8,2.486,203854,0.99635,-4.69E-02,SOS|-93.66|0.0,0.45,176,0.52,28.81,29.33,30.08,30.88,31.75,32.55,33.17,34,34.66,35.36,35.98,36.61,37.19,37.61,38.01,38.34,38.59,38.77,38.83,38.84,38.78,38.59,38.41,38.13,37.95,37.61,37.34,37,36.7,36.35,35.9,35.56,35.17,34.85,34.44,34.1,33.75,33.45,33.08,32.72,32.37,32.02,31.69,31.36,31.04,30.69,30.42,30.11,29.83,29.51,29.3,29.05,28.77,28.54,28.32,28.09,27.84,27.61,27.4,27.13,26.91,26.68,26.45,26.26,26.03,25.9,25.69,25.54,25.39,25.23,25.11,24.95,24.8,24.64,24.47,24.31,24.13,24.03,23.92,23.8,23.7,23.59,23.5,23.34,23.2,23.13,22.99,22.89,22.82,22.72,22.69,22.51,22.45,22.35,22.27,22.18,22.09,22.05,21.94,21.85,21.77,21.73,21.6,21.52,21.41,21.43,21.3,21.22,21.17,21.14,21.16,21.03,20.97,20.93,20.79,20.71,20.61,20.51,20.53,20.42,20.41,20.37,20.3,20.28,20.14,20.1,20.05,20.02,19.98,19.91,19.89,19.78,19.76,19.66,19.64,19.6,19.56,19.54,19.44,19.33,19.25,19.16,19.07,19.01,18.95,18.94,18.83,18.82,18.73,18.73,18.66,18.68,18.67,18.63,18.62,18.51,18.56,18.49,18.47,18.42,18.41,18.45,18.34,18.29,18.25,18.21,18.11,18.04,18.03,17.99,17.98,17.97,17.97,17.95,17.88,17.86,,,,,,,,,,,,,,,,,,,,,,,,,
38,8/22/22,5:06:18 PM,114-1,Normal,MA|30|150|5|0.075,27.53,0.26,2.22E-02,25.5,45.1,2.578,203854,0.99635,-4.69E-02,SOS|-93.66|0.0,0.45,104,0.52,4.26,4.23,4.28,4.6,5.02,5.57,6.35,7.31,8.52,9.87,11.32,12.77,14.26,15.89,17.35,18.74,19.99,21.3,22.51,23.51,24.47,25.35,26.17,26.9,27.53,28.1,28.61,29.05,29.44,29.73,29.96,30.26,30.45,30.67,30.79,30.94,31.06,31.06,31.15,31.11,31.2,31.13,31.16,31.18,31.16,31.21,31.14,31.14,31.12,31.07,30.91,30.84,30.79,30.67,30.51,30.48,30.41,30.35,30.23,30.13,30.06,29.93,29.85,29.76,29.67,29.57,29.48,29.39,29.29,29.13,29.05,28.97,28.97,28.91,28.82,28.8,28.71,28.64,28.52,28.5,28.4,28.34,28.29,28.24,28.15,28.08,28.05,28,27.98,27.92,27.88,27.78,27.76,27.72,27.62,27.63,27.57,27.57,27.55,27.51,27.49,27.44,27.45,27.44,,,,,,,,,,,,,,,,,,,,,,,,,,,,,,,,,,,,,,,,,,,,,,,,,,,,,,,,,,,,,,,,,,,,,,,,,,,,,,,,,,,,,,,,,,,,,,,,,
39,8/22/22,5:07:40 PM,114-2,Normal,MA|30|150|5|0.075,26.56,0.27,0.0651581,25.6,44.4,2.604,203854,0.99635,-4.69E-02,SOS|-93.66|0.0,0.45,147,0.52,26.9,26.84,26.96,27.13,27.36,27.7,28.04,28.44,28.83,29.29,29.78,30.26,30.74,31.21,31.61,31.96,32.28,32.48,32.68,32.77,32.86,32.89,32.88,32.91,32.87,32.89,32.88,32.88,32.88,32.93,32.86,32.86,32.85,32.83,32.79,32.62,32.56,32.47,32.41,32.34,32.34,32.23,32.14,32.04,31.99,31.92,31.81,31.72,31.62,31.53,31.39,31.27,31.22,31.14,31.11,31.03,30.98,30.91,30.79,30.74,30.63,30.6,30.52,30.47,30.45,30.37,30.4,30.34,30.26,30.22,30.13,30.11,29.95,29.91,29.84,29.84,29.84,29.78,29.77,29.68,29.62,29.47,29.39,29.34,29.27,29.25,29.22,29.19,29.1,29.09,29.05,29.01,28.96,28.88,28.81,28.69,28.64,28.59,28.53,28.52,28.48,28.45,28.3,28.18,28.08,28.05,28.04,27.96,28.01,28,27.98,27.87,27.84,27.84,27.77,27.72,27.69,27.64,27.56,27.44,27.41,27.35,27.29,27.28,27.22,27.24,27.16,27.07,27.04,27,26.92,26.88,26.87,26.85,26.87,26.81,26.75,26.7,26.65,26.63,26.51,26.54,26.53,26.52,26.51,26.51,26.5,,,,,,,,,,,,,,,,,,,,,,,,,,,,,,,,,,,,,,,,,,,,,,,,,,,,,,
40,8/22/22,5:08:43 PM,114-3,Normal,MA|30|150|5|0.075,23.71,0.3,5.82E-02,25.6,44.5,2.622,203854,0.99635,-4.69E-02,SOS|-93.66|0.0,0.45,113,0.51,26.12,26.08,26.11,26.19,26.39,26.65,26.95,27.36,27.82,28.33,28.83,29.4,29.95,30.41,30.79,31.14,31.49,31.68,31.84,31.92,32.03,32.13,32.1,32.05,31.98,31.85,31.72,31.5,31.31,31.13,30.96,30.82,30.61,30.43,30.24,30.07,29.83,29.63,29.48,29.31,29.19,28.96,28.86,28.7,28.54,28.39,28.21,28.16,27.99,27.85,27.73,27.64,27.49,27.35,27.27,27.16,27.01,26.9,26.83,26.74,26.64,26.55,26.46,26.35,26.31,26.18,26.09,26,25.92,25.83,25.73,25.67,25.6,25.57,25.54,25.46,25.42,25.35,25.31,25.23,25.14,25.11,25.05,25.03,24.95,24.92,24.87,24.79,24.67,24.59,24.51,24.38,24.27,24.24,24.25,24.15,24.19,24.17,24.22,24.13,24.02,24.02,23.93,23.82,23.76,23.75,23.76,23.7,23.67,23.72,23.68,23.62,23.58,,,,,,,,,,,,,,,,,,,,,,,,,,,,,,,,,,,,,,,,,,,,,,,,,,,,,,,,,,,,,,,,,,,,,,,,,,,,,,,,,,,,,,,,
41,8/22/22,5:09:29 PM,114-4,Normal,MA|30|150|5|0.075,27.76,0.27,1.56E-02,25.6,44.2,2.636,203854,0.99635,-4.69E-02,SOS|-93.66|0.0,0.45,81,0.51,23.33,23.31,23.32,23.46,23.7,24.07,24.48,25.02,25.65,26.31,26.91,27.46,28.02,28.56,28.95,29.3,29.66,29.95,30.17,30.37,30.55,30.64,30.7,30.75,30.78,30.81,30.77,30.74,30.72,30.66,30.56,30.41,30.35,30.31,30.25,30.19,30.17,30.12,30.11,30.02,29.89,29.84,29.69,29.68,29.55,29.46,29.4,29.29,29.26,29.12,29.07,29,28.9,28.86,28.83,28.79,28.74,28.69,28.65,28.6,28.49,28.45,28.38,28.34,28.33,28.26,28.25,28.17,28.07,28.02,27.96,27.9,27.82,27.79,27.81,27.77,27.74,27.71,27.72,27.67,27.65,,,,,,,,,,,,,,,,,,,,,,,,,,,,,,,,,,,,,,,,,,,,,,,,,,,,,,,,,,,,,,,,,,,,,,,,,,,,,,,,,,,,,,,,,,,,,,,,,,,,,,,,,,,,,,,,,,,,,,,,
42,8/22/22,5:39:14 PM,115-1,Normal,MA|30|150|5|0.075,23.31,0.3,5.87E-02,25,42,2.748,203854,0.99635,-4.69E-02,SOS|-93.66|0.0,0.45,153,0.51,4.29,4.29,4.31,4.55,4.88,5.35,6.12,7.13,8.24,9.43,10.72,12.18,13.47,14.72,16.05,17.31,18.51,19.56,20.6,21.48,22.34,23.11,23.81,24.44,25.04,25.58,26.07,26.47,26.86,27.19,27.46,27.75,27.92,28.11,28.29,28.41,28.58,28.7,28.79,28.86,28.89,28.92,28.92,28.94,28.97,28.99,28.99,29.05,29.01,28.97,28.91,28.88,28.88,28.69,28.66,28.55,28.46,28.45,28.36,28.32,28.21,28.16,28.1,27.95,27.9,27.84,27.77,27.72,27.67,27.68,27.64,27.53,27.48,27.43,27.46,27.38,27.35,27.34,27.33,27.27,27.15,27.09,27.02,26.93,26.9,26.89,26.83,26.76,26.65,26.59,26.45,26.35,26.31,26.29,26.29,26.22,26.14,26.08,26,25.97,25.86,25.94,25.94,25.89,25.87,25.75,25.74,25.57,25.53,25.51,25.46,25.44,25.38,25.4,25.32,25.21,25.03,24.99,24.92,24.81,24.76,24.71,24.74,24.66,24.61,24.55,24.51,24.45,24.39,24.3,24.2,24.17,24.07,24.03,23.99,23.95,23.93,23.85,23.77,23.72,23.64,23.55,23.49,23.41,23.39,23.37,23.31,23.29,23.28,23.3,23.3,23.22,23.2,,,,,,,,,,,,,,,,,,,,,,,,,,,,,,,,,,,,,,,,,,,,,,,,
43,8/22/22,5:40:17 PM,115-2,Normal,MA|30|150|5|0.075,21.94,0.29,4.21E-02,25.3,42,2.764,203854,0.99635,-4.69E-02,SOS|-93.66|0.0,0.45,113,0.51,22.94,22.92,22.94,22.95,23.05,23.25,23.47,23.86,24.29,24.81,25.3,25.81,26.41,26.81,27.21,27.48,27.76,27.93,28.07,28.16,28.21,28.21,28.16,28.07,27.91,27.78,27.66,27.54,27.47,27.38,27.3,27.2,27.05,26.89,26.73,26.53,26.37,26.21,26.09,26.04,25.91,25.83,25.72,25.62,25.54,25.4,25.27,25.18,25.05,24.93,24.79,24.73,24.63,24.59,24.51,24.55,24.52,24.5,24.48,24.45,24.43,24.36,24.27,24.2,24.12,24.05,24,23.92,23.91,23.86,23.86,23.79,23.79,23.72,23.62,23.55,23.48,23.41,23.34,23.32,23.32,23.25,23.15,23.15,23.09,23.04,22.95,22.88,22.87,22.77,22.66,22.56,22.53,22.5,22.43,22.44,22.4,22.36,22.35,22.3,22.24,22.13,22.11,22.1,21.99,21.96,21.93,21.93,21.9,21.88,21.9,21.9,21.9,,,,,,,,,,,,,,,,,,,,,,,,,,,,,,,,,,,,,,,,,,,,,,,,,,,,,,,,,,,,,,,,,,,,,,,,,,,,,,,,,,,,,,,,
44,8/22/22,5:40:58 PM,115-3,Normal,MA|30|150|5|0.075,22.75,0.27,1.49E-02,25.2,43.1,2.775,203854,0.99635,-4.69E-02,SOS|-93.66|0.0,0.45,71,0.51,21.98,22.01,22.02,21.99,22.17,22.42,22.68,22.99,23.39,23.87,24.32,24.76,25.19,25.52,25.8,26.05,26.18,26.25,26.27,26.32,26.3,26.26,26.21,26.16,26.1,25.99,25.92,25.81,25.69,25.56,25.41,25.21,25.09,24.95,24.87,24.74,24.62,24.55,24.41,24.29,24.17,24.05,23.98,23.9,23.86,23.74,23.64,23.61,23.53,23.46,23.39,23.42,23.36,23.31,23.26,23.23,23.18,23.08,23.06,23.01,22.94,22.86,22.83,22.8,22.75,22.7,22.7,22.74,22.69,22.71,22.69,,,,,,,,,,,,,,,,,,,,,,,,,,,,,,,,,,,,,,,,,,,,,,,,,,,,,,,,,,,,,,,,,,,,,,,,,,,,,,,,,,,,,,,,,,,,,,,,,,,,,,,,,,,,,,,,,,,,,,,,,,,,,,,,,,
45,8/22/22,5:41:23 PM,115-4,Aborted,MA|30|150|5|0.075,29.22,0.09,0,25.1,43.6,2.782,203854,0.99635,-4.69E-02,SOS|-93.66|0.0,0.45,39,0.5,22.45,22.44,22.47,22.59,22.77,23.09,23.51,23.97,24.5,24.99,25.51,26.06,26.48,26.85,27.19,27.52,27.85,28.03,28.26,28.46,28.62,28.78,28.91,29.01,29.12,29.21,29.26,29.23,29.21,29.21,29.21,29.21,29.16,29.23,29.2,29.22,29.23,29.24,29.26,,,,,,,,,,,,,,,,,,,,,,,,,,,,,,,,,,,,,,,,,,,,,,,,,,,,,,,,,,,,,,,,,,,,,,,,,,,,,,,,,,,,,,,,,,,,,,,,,,,,,,,,,,,,,,,,,,,,,,,,,,,,,,,,,,,,,,,,,,,,,,,,,,,,,,,,,,,,,,,,,,
46,8/22/22,5:42:07 PM,115-4,Normal,MA|30|150|5|0.075,27.22,0.27,0.0399177,25.4,44.1,2.796,203854,0.99635,-4.69E-02,SOS|-93.66|0.0,0.45,79,0.51,30,30.34,30.73,31.14,31.53,31.91,32.27,32.66,33.09,33.51,33.96,34.41,34.75,35,35.17,35.26,35.28,35.23,35.23,35.17,35.03,34.89,34.69,34.41,34.15,33.82,33.55,33.26,33.02,32.81,32.47,32.3,32.08,31.9,31.64,31.39,31.22,31,30.76,30.56,30.39,30.22,30.06,29.9,29.77,29.6,29.43,29.28,29.13,28.95,28.81,28.73,28.63,28.53,28.44,28.38,28.29,28.18,28.09,28.01,27.9,27.84,27.78,27.7,27.65,27.57,27.52,27.48,27.44,27.36,27.33,27.25,27.22,27.19,27.17,27.17,27.15,27.18,27.14,,,,,,,,,,,,,,,,,,,,,,,,,,,,,,,,,,,,,,,,,,,,,,,,,,,,,,,,,,,,,,,,,,,,,,,,,,,,,,,,,,,,,,,,,,,,,,,,,,,,,,,,,,,,,,,,,,,,,,,,,,
47,8/22/22,5:56:15 PM,108-1,Normal,MA|30|150|5|0.075,22.18,0.26,8.87E-02,25.2,41.5,2.867,203854,0.99635,-4.69E-02,SOS|-93.66|0.0,0.45,168,0.52,4.7,4.69,4.72,4.75,4.96,5.39,6.04,6.89,7.92,9.14,10.62,12.05,13.51,14.97,16.42,17.92,19.24,20.54,21.7,22.86,23.92,24.88,25.69,26.47,27.23,27.9,28.46,28.85,29.3,29.68,29.94,30.12,30.34,30.57,30.67,30.77,30.86,30.94,30.99,31.01,31.06,31.01,31.01,30.99,30.96,30.87,30.88,30.9,30.72,30.64,30.55,30.5,30.39,30.26,30.18,30.15,30.03,29.91,29.8,29.67,29.6,29.49,29.38,29.29,29.27,29.2,29.09,28.91,28.8,28.73,28.52,28.37,28.21,28.15,28.02,27.9,27.78,27.71,27.61,27.47,27.4,27.25,27.16,27.03,26.89,26.71,26.57,26.48,26.42,26.3,26.23,26.19,26.05,25.94,25.84,25.8,25.71,25.64,25.57,25.5,25.38,25.22,25.16,25.14,25.1,25.04,25,25,24.95,24.83,24.81,24.73,24.7,24.67,24.58,24.5,24.43,24.36,24.33,24.22,24.2,24.27,24.19,24.21,24.07,24.12,23.97,23.84,23.8,23.7,23.69,23.64,23.59,23.56,23.52,23.51,23.44,23.39,23.41,23.36,23.32,23.26,23.21,23.12,23.07,23,22.89,22.83,22.81,22.76,22.73,22.65,22.66,22.62,22.54,22.48,22.37,22.36,22.29,22.25,22.2,22.17,22.21,22.16,22.14,22.11,22.16,22.13,,,,,,,,,,,,,,,,,,,,,,,,,,,,,,,,,
48,8/22/22,5:57:21 PM,108-2,Normal,MA|30|150|5|0.075,23.9,0.26,5.02E-02,25.1,41.8,2.886,203854,0.99635,-4.69E-02,SOS|-93.66|0.0,0.45,118,0.52,21.83,21.79,21.75,21.9,22.14,22.42,22.83,23.27,23.86,24.44,25,25.64,26.3,26.89,27.44,27.87,28.35,28.72,28.99,29.27,29.48,29.69,29.77,29.9,29.99,30.1,30.11,30.12,30.18,30.18,30.11,30.04,29.99,29.89,29.82,29.75,29.73,29.63,29.62,29.57,29.52,29.42,29.34,29.24,29.07,29.01,28.91,28.81,28.67,28.58,28.49,28.4,28.26,28.19,28.07,28.01,28,27.91,27.83,27.71,27.68,27.57,27.47,27.37,27.32,27.32,27.21,27.16,27.03,26.98,26.91,26.77,26.68,26.57,26.43,26.31,26.17,26.06,25.94,25.87,25.87,25.78,25.66,25.56,25.48,25.44,25.33,25.24,25.23,25.18,25.13,25.02,24.98,24.94,24.89,24.82,24.73,24.66,24.61,24.51,24.43,24.42,24.42,24.34,24.3,24.26,24.21,24.09,24.03,23.96,23.87,23.89,23.87,23.9,23.88,23.89,23.89,23.79,,,,,,,,,,,,,,,,,,,,,,,,,,,,,,,,,,,,,,,,,,,,,,,,,,,,,,,,,,,,,,,,,,,,,,,,,,,,,,,,,,,
49,8/22/22,5:58:30 PM,108-3,Normal,MA|30|150|5|0.075,22.18,0.3,5.88E-02,25.2,41.9,2.904,203854,0.99635,-4.69E-02,SOS|-93.66|0.0,0.45,126,0.51,23.57,23.54,23.56,23.59,23.69,23.89,24.1,24.43,24.74,25.21,25.69,26.11,26.6,27.01,27.46,27.76,28.03,28.25,28.46,28.67,28.75,28.91,28.99,29.07,29.07,29.07,29.07,29.06,29.06,29.08,29.04,28.89,28.94,28.76,28.64,28.5,28.42,28.39,28.27,28.12,28.05,27.94,27.8,27.76,27.65,27.59,27.49,27.4,27.3,27.17,27.09,26.99,26.83,26.7,26.57,26.41,26.32,26.2,26.14,26.1,26,25.92,25.79,25.77,25.69,25.57,25.52,25.42,25.38,25.25,25.16,25.12,25.06,25.03,24.93,24.86,24.8,24.71,24.64,24.54,24.45,24.41,24.33,24.28,24.19,24.12,24.07,23.95,23.86,23.76,23.68,23.63,23.6,23.51,23.48,23.5,23.47,23.41,23.31,23.28,23.2,23.07,23,22.96,22.92,22.89,22.88,22.83,22.75,22.71,22.63,22.5,22.4,22.36,22.35,22.36,22.28,22.3,22.22,22.19,22.2,22.1,22.12,22.14,22.15,22.15,,,,,,,,,,,,,,,,,,,,,,,,,,,,,,,,,,,,,,,,,,,,,,,,,,,,,,,,,,,,,,,,,,,,,,,,,,,
50,8/22/22,5:59:32 PM,108-4,Normal,MA|30|150|5|0.075,24.94,0.23,4.44E-02,25.1,41.7,2.922,203854,0.99635,-4.69E-02,SOS|-93.66|0.0,0.45,111,0.51,21.85,21.88,21.96,22.19,22.46,22.9,23.37,23.96,24.65,25.28,26.02,26.7,27.48,28.1,28.59,29.16,29.65,30.1,30.4,30.7,30.98,31.17,31.26,31.33,31.38,31.49,31.51,31.5,31.47,31.47,31.4,31.29,31.21,31.16,31.12,31.05,30.92,30.79,30.68,30.48,30.34,30.13,30.04,29.93,29.81,29.73,29.66,29.52,29.44,29.29,29.12,29.01,28.85,28.77,28.61,28.46,28.43,28.29,28.23,28.14,28.03,28.03,27.89,27.81,27.7,27.66,27.55,27.4,27.3,27.23,27.08,26.96,26.88,26.84,26.78,26.65,26.62,26.51,26.42,26.33,26.29,26.26,26.16,26.09,26.06,25.96,25.85,25.77,25.73,25.7,25.6,25.59,25.53,25.48,25.48,25.45,25.4,25.34,25.3,25.25,25.1,25.05,25,24.95,24.91,24.88,24.9,24.86,24.94,24.96,24.94,,,,,,,,,,,,,,,,,,,,,,,,,,,,,,,,,,,,,,,,,,,,,,,,,,,,,,,,,,,,,,,,,,,,,,,,,,,,,,,,,,,,,,,,,,
51,8/22/22,6:13:32 PM,110-1,Normal,MA|30|150|5|0.075,25.26,0.29,3.33E-04,25.3,41.9,2.977,203854,0.99635,-4.69E-02,SOS|-93.66|0.0,0.45,64,0.51,4.27,4.27,4.29,4.39,4.84,5.29,5.91,6.79,7.8,8.97,10.16,11.35,12.48,13.73,14.92,15.9,16.82,17.82,18.74,19.48,20.15,20.77,21.37,21.8,22.27,22.62,23,23.36,23.64,23.93,24.14,24.37,24.46,24.58,24.7,24.82,24.91,24.99,25.13,25.22,25.28,25.29,25.31,25.36,25.32,25.37,25.43,25.48,25.48,25.45,25.55,25.5,25.45,25.36,25.39,25.37,25.2,25.22,25.17,25.21,25.23,25.29,25.28,25.25,,,,,,,,,,,,,,,,,,,,,,,,,,,,,,,,,,,,,,,,,,,,,,,,,,,,,,,,,,,,,,,,,,,,,,,,,,,,,,,,,,,,,,,,,,,,,,,,,,,,,,,,,,,,,,,,,,,,,,,,,,,,,,,,,,,,,,,,,
52,8/22/22,6:14:08 PM,110-2,Normal,MA|30|150|5|0.075,27.95,0.25,6.22E-03,25.2,41.3,2.988,203854,0.99635,-4.69E-02,SOS|-93.66|0.0,0.45,60,0.51,24.94,24.94,25.06,25.23,25.45,25.78,26.05,26.43,26.73,27.11,27.4,27.68,27.96,28.18,28.42,28.58,28.84,28.94,29.11,29.16,29.32,29.38,29.42,29.45,29.45,29.49,29.45,29.45,29.4,29.38,29.32,29.35,29.18,29.11,29.04,28.97,28.96,28.86,28.83,28.77,28.73,28.73,28.71,28.64,28.59,28.56,28.46,28.39,28.26,28.2,28.07,28.01,27.98,27.97,27.99,27.93,27.97,27.9,27.89,27.82,,,,,,,,,,,,,,,,,,,,,,,,,,,,,,,,,,,,,,,,,,,,,,,,,,,,,,,,,,,,,,,,,,,,,,,,,,,,,,,,,,,,,,,,,,,,,,,,,,,,,,,,,,,,,,,,,,,,,,,,,,,,,,,,,,,,,,,,,,,,,
53,8/22/22,6:15:05 PM,110-3,Normal,MA|30|150|5|0.075,27.19,0.26,0.0355559,25,41.6,3.006,203854,0.99635,-4.69E-02,SOS|-93.66|0.0,0.45,97,0.51,27.68,27.83,27.97,28.13,28.4,28.65,28.9,29.12,29.41,29.72,30.05,30.3,30.59,30.93,31.17,31.42,31.58,31.86,31.98,32.04,32.1,32.2,32.29,32.22,32.25,32.26,32.24,32.16,32.14,32.12,32.12,31.94,31.85,31.79,31.63,31.56,31.46,31.39,31.3,31.15,31.06,30.9,30.79,30.72,30.63,30.53,30.41,30.3,30.2,30.09,29.97,29.9,29.77,29.7,29.59,29.48,29.42,29.29,29.25,29.2,29.14,29.06,28.99,28.93,28.87,28.79,28.7,28.61,28.55,28.46,28.34,28.25,28.22,28.19,28.08,28.06,28.01,27.95,27.84,27.81,27.82,27.73,27.69,27.62,27.62,27.5,27.38,27.3,27.28,27.21,27.2,27.14,27.14,27.21,27.16,27.16,27.05,,,,,,,,,,,,,,,,,,,,,,,,,,,,,,,,,,,,,,,,,,,,,,,,,,,,,,,,,,,,,,,,,,,,,,,,,,,,,,,,,,,,,,,,,,,,,,,,,,,,,,,,
54,8/22/22,6:15:57 PM,110-4,Normal,MA|30|150|5|0.075,24.17,0.29,3.13E-02,24.9,40.7,3.02,203854,0.99635,-4.69E-02,SOS|-93.66|0.0,0.45,91,0.51,26.71,26.67,26.63,26.64,26.69,26.82,26.99,27.14,27.38,27.61,27.83,28.02,28.27,28.47,28.64,28.78,28.9,29.05,29.09,29.14,29.1,29.08,29.03,28.94,28.84,28.71,28.67,28.55,28.51,28.41,28.3,28.23,28.09,28.01,27.87,27.78,27.71,27.61,27.52,27.37,27.25,27.14,27,26.87,26.75,26.62,26.54,26.45,26.36,26.25,26.24,26.2,26.15,26.05,25.96,25.9,25.78,25.73,25.6,25.6,25.56,25.52,25.39,25.27,25.2,25.1,25.07,24.98,24.99,24.93,24.91,24.78,24.7,24.72,24.66,24.66,24.63,24.59,24.57,24.46,24.43,24.32,24.25,24.2,24.12,24.15,24.12,24.15,24.1,24.12,24.12,,,,,,,,,,,,,,,,,,,,,,,,,,,,,,,,,,,,,,,,,,,,,,,,,,,,,,,,,,,,,,,,,,,,,,,,,,,,,,,,,,,,,,,,,,,,,,,,,,,,,,,,,,,,,,
55,8/22/22,6:28:41 PM,113-1,Normal,MA|30|150|5|0.075,15.11,0.48,9.75E-02,25.6,40.7,3.111,203854,0.99635,-4.69E-02,SOS|-93.66|0.0,0.45,171,0.52,9.27,9.24,9.29,9.27,9.34,9.58,9.9,10.42,11.03,11.83,12.72,13.71,14.75,15.77,16.77,17.66,18.61,19.43,20.13,20.77,21.39,22.03,22.48,22.88,23.26,23.61,23.89,24.05,24.2,24.37,24.48,24.58,24.64,24.7,24.74,24.7,24.67,24.62,24.58,24.52,24.46,24.37,24.26,24.18,24.03,23.92,23.73,23.63,23.54,23.37,23.28,23.16,23.14,23,22.83,22.69,22.51,22.33,22.13,22.02,21.92,21.81,21.68,21.59,21.47,21.37,21.25,21.12,21.07,20.93,20.84,20.69,20.6,20.55,20.43,20.4,20.33,20.28,20.2,20.08,19.96,19.88,19.74,19.67,19.59,19.54,19.47,19.4,19.3,19.18,19.14,19.01,18.97,18.9,18.88,18.8,18.74,18.68,18.62,18.51,18.45,18.45,18.33,18.26,18.15,18.08,18.04,17.9,17.92,17.86,17.86,17.81,17.76,17.73,17.63,17.62,17.52,17.47,17.35,17.3,17.21,17.11,17.06,17.02,17,16.9,16.87,16.78,16.73,16.61,16.61,16.58,16.52,16.56,16.49,16.45,16.4,16.4,16.35,16.29,16.25,16.22,16.09,16,15.9,15.8,15.76,15.78,15.76,15.69,15.66,15.67,15.6,15.46,15.43,15.41,15.36,15.26,15.24,15.3,15.25,15.22,15.17,15.18,15.17,15.05,15.07,15.06,15.12,15.05,15.01,,,,,,,,,,,,,,,,,,,,,,,,,,,,,,
56,8/22/22,6:30:01 PM,113-2,Normal,MA|30|150|5|0.075,18.95,0.36,8.30E-02,25.6,40.3,3.13,203854,0.99635,-4.69E-02,SOS|-93.66|0.0,0.45,145,0.52,14.88,14.89,14.92,15.07,15.34,15.78,16.26,16.96,17.85,18.7,19.6,20.52,21.55,22.48,23.26,24.02,24.8,25.5,26,26.46,26.86,27.24,27.51,27.72,27.92,28.06,28.15,28.25,28.31,28.33,28.33,28.37,28.37,28.33,28.29,28.26,28.12,28.04,27.96,27.83,27.72,27.6,27.53,27.39,27.27,27.16,26.95,26.79,26.63,26.48,26.37,26.24,26.16,26.05,25.96,25.84,25.63,25.48,25.33,25.22,25.07,24.93,24.88,24.71,24.58,24.43,24.31,24.17,24.03,23.94,23.83,23.65,23.49,23.33,23.23,23.1,22.95,22.86,22.76,22.68,22.54,22.44,22.38,22.3,22.24,22.13,22.05,21.95,21.83,21.76,21.62,21.52,21.39,21.34,21.29,21.19,21.15,21.16,21.11,21.07,20.99,20.91,20.84,20.73,20.67,20.53,20.45,20.47,20.4,20.33,20.3,20.25,20.19,20.07,19.99,19.95,19.84,19.82,19.79,19.71,19.73,19.72,19.66,19.61,19.56,19.51,19.45,19.33,19.34,19.3,19.25,19.22,19.16,19.16,19.15,19.07,19.04,19,18.96,18.93,18.91,18.92,18.9,18.88,18.87,,,,,,,,,,,,,,,,,,,,,,,,,,,,,,,,,,,,,,,,,,,,,,,,,,,,,,,,
57,8/22/22,6:31:21 PM,113-3,Normal,MA|30|150|5|0.075,15.88,0.45,9.11E-02,25.3,40.5,3.148,203854,0.99635,-4.69E-02,SOS|-93.66|0.0,0.45,141,0.52,18.66,18.87,19.23,19.56,20.2,20.77,21.39,22.01,22.65,23.36,23.91,24.54,25,25.47,25.88,26.22,26.42,26.57,26.75,26.87,26.92,26.91,26.96,26.88,26.82,26.64,26.56,26.39,26.19,26.03,25.84,25.71,25.46,25.3,25.12,24.96,24.73,24.53,24.33,24.13,23.92,23.68,23.54,23.32,23.14,22.95,22.81,22.65,22.44,22.29,22.15,21.99,21.79,21.66,21.55,21.42,21.28,21.1,21.04,20.93,20.73,20.57,20.46,20.36,20.21,20.13,20.05,19.97,19.79,19.71,19.58,19.46,19.41,19.28,19.22,19.13,19.05,18.95,18.81,18.78,18.76,18.66,18.61,18.52,18.49,18.35,18.26,18.23,18.15,18.09,18.01,17.98,17.88,17.77,17.69,17.63,17.58,17.54,17.49,17.46,17.45,17.43,17.36,17.28,17.27,17.21,17.13,17.07,17.05,17.04,16.99,16.97,16.9,16.87,16.84,16.75,16.71,16.63,16.62,16.53,16.47,16.46,16.36,16.29,16.23,16.15,16.13,16.05,16.05,16.05,16.04,16.01,15.95,15.94,15.87,15.87,15.85,15.91,15.84,15.79,15.78,,,,,,,,,,,,,,,,,,,,,,,,,,,,,,,,,,,,,,,,,,,,,,,,,,,,,,,,,,,,
58,8/22/22,6:32:28 PM,113-4,Normal,MA|30|150|5|0.075,17.25,0.39,4.96E-02,25.1,41.2,3.162,203854,0.99635,-4.69E-02,SOS|-93.66|0.0,0.45,124,0.52,15.48,15.41,15.41,15.39,15.51,15.67,15.98,16.4,16.89,17.55,18.2,18.95,19.6,20.28,20.87,21.42,21.94,22.33,22.73,22.98,23.27,23.46,23.56,23.62,23.71,23.74,23.72,23.69,23.66,23.63,23.53,23.53,23.45,23.4,23.28,23.24,23.15,23,22.89,22.72,22.64,22.46,22.37,22.23,22.12,22.08,21.99,21.9,21.77,21.68,21.55,21.43,21.26,21.12,21.04,20.92,20.85,20.72,20.71,20.64,20.52,20.49,20.38,20.29,20.2,20.15,20.06,19.92,19.87,19.78,19.69,19.56,19.52,19.52,19.35,19.32,19.24,19.22,19.17,19.07,19.07,18.96,18.89,18.83,18.77,18.77,18.74,18.75,18.73,18.67,18.58,18.48,18.41,18.34,18.29,18.24,18.22,18.19,18.21,18.14,18.1,18.07,18.05,18.03,17.96,17.97,17.89,17.86,17.82,17.74,17.67,17.54,17.56,17.49,17.37,17.33,17.27,17.3,17.24,17.23,17.26,17.22,17.19,17.14,,,,,,,,,,,,,,,,,,,,,,,,,,,,,,,,,,,,,,,,,,,,,,,,,,,,,,,,,,,,,,,,,,,,,,,,,,,,,
59,8/22/22,6:49:25 PM,111-1,Normal,MA|30|150|5|0.075,23.23,0.29,5.96E-02,25.4,39,3.227,203854,0.99635,-4.69E-02,SOS|-93.66|0.0,0.45,152,0.52,3.49,3.49,3.54,3.54,3.8,4.14,4.7,5.5,6.37,7.47,8.71,10.02,11.25,12.46,13.83,15.11,16.29,17.45,18.57,19.63,20.62,21.5,22.33,23.09,23.87,24.55,25.07,25.65,26.21,26.64,27.01,27.38,27.71,27.97,28.21,28.39,28.62,28.76,28.96,29.09,29.11,29.24,29.27,29.34,29.38,29.37,29.49,29.51,29.55,29.51,29.43,29.44,29.32,29.3,29.2,29.18,29.18,29.09,29.03,28.92,28.86,28.75,28.64,28.56,28.53,28.48,28.42,28.34,28.27,28.22,28.12,27.99,27.91,27.89,27.78,27.62,27.54,27.5,27.37,27.24,27.16,27.14,27.06,26.92,26.9,26.76,26.68,26.57,26.5,26.46,26.34,26.25,26.18,26.1,25.98,25.88,25.84,25.84,25.73,25.71,25.68,25.64,25.54,25.47,25.41,25.34,25.25,25.14,25.1,25.08,25.03,24.94,24.83,24.78,24.71,24.6,24.6,24.55,24.52,24.47,24.4,24.37,24.32,24.27,24.27,24.22,24.18,24.13,24.05,23.97,23.9,23.86,23.84,23.83,23.75,23.76,23.75,23.69,23.64,23.56,23.53,23.44,23.3,23.31,23.22,23.24,23.21,23.26,23.29,23.18,23.16,23.1,,,,,,,,,,,,,,,,,,,,,,,,,,,,,,,,,,,,,,,,,,,,,,,,,
60,8/22/22,6:50:38 PM,111-2,Normal,MA|30|150|5|0.075,22.17,0.31,5.29E-02,25.3,38.6,3.247,203854,0.99635,-4.69E-02,SOS|-93.66|0.0,0.45,129,0.52,22.79,22.75,22.73,22.84,23.03,23.3,23.58,23.94,24.41,24.78,25.16,25.58,25.98,26.38,26.61,26.89,27.15,27.36,27.51,27.62,27.75,27.9,28.03,28.1,28.13,28.2,28.24,28.26,28.27,28.23,28.22,28.16,28.13,28.04,27.96,27.96,27.9,27.81,27.73,27.67,27.6,27.5,27.4,27.35,27.29,27.22,27.16,27.07,27.03,26.92,26.85,26.74,26.6,26.53,26.38,26.3,26.23,26.1,26.02,25.95,25.96,25.88,25.73,25.68,25.62,25.5,25.36,25.3,25.29,25.22,25.09,24.99,24.97,24.84,24.73,24.71,24.66,24.63,24.58,24.55,24.51,24.41,24.34,24.25,24.15,24.12,24.06,24.04,24,23.95,23.86,23.79,23.67,23.58,23.47,23.48,23.45,23.38,23.39,23.3,23.27,23.24,23.23,23.18,23.12,23.09,23.1,22.97,22.9,22.79,22.71,22.67,22.57,22.48,22.4,22.45,22.37,22.32,22.28,22.28,22.26,22.14,22.16,22.09,22.09,22.11,22.13,22.23,22.22,,,,,,,,,,,,,,,,,,,,,,,,,,,,,,,,,,,,,,,,,,,,,,,,,,,,,,,,,,,,,,,,,,,,,,,,
61,8/22/22,6:51:12 PM,111-3,Normal,MA|30|150|5|0.075,25.37,0.13,1.73E-03,25.4,38.5,3.256,203854,0.99635,-4.69E-02,SOS|-93.66|0.0,0.45,59,0.51,22.49,22.51,22.65,22.72,22.89,23.11,23.33,23.58,23.8,24.13,24.36,24.59,24.81,25.02,25.19,25.28,25.39,25.46,25.57,25.65,25.71,25.74,25.81,25.89,25.9,25.88,25.85,25.86,25.81,25.82,25.79,25.84,25.83,25.82,25.83,25.82,25.83,25.81,25.84,25.84,25.81,25.78,25.79,25.8,25.78,25.61,25.54,25.55,25.53,25.44,25.38,25.35,25.39,25.34,25.32,25.37,25.36,25.35,25.39,,,,,,,,,,,,,,,,,,,,,,,,,,,,,,,,,,,,,,,,,,,,,,,,,,,,,,,,,,,,,,,,,,,,,,,,,,,,,,,,,,,,,,,,,,,,,,,,,,,,,,,,,,,,,,,,,,,,,,,,,,,,,,,,,,,,,,,,,,,,,,
62,8/22/22,6:52:53 PM,111-4,Normal,MA|30|150|5|0.075,21.03,0.34,4.64E-02,25.4,38.5,3.28,203854,0.99635,-4.69E-02,SOS|-93.66|0.0,0.45,142,0.52,12.93,12.35,11.86,11.53,11.44,11.51,11.62,12,12.55,13.3,14.04,14.97,15.99,16.94,17.84,18.71,19.55,20.28,20.94,21.52,22.14,22.68,23.16,23.6,23.99,24.34,24.69,24.94,25.2,25.38,25.59,25.71,25.79,25.89,25.92,25.98,25.96,26,26.02,26.01,26.02,26.06,26.05,25.99,25.96,25.93,25.92,25.82,25.84,25.82,25.76,25.75,25.7,25.55,25.41,25.39,25.32,25.29,25.26,25.23,25.19,25.15,25.1,25.05,24.94,24.9,24.87,24.73,24.67,24.58,24.56,24.49,24.43,24.35,24.33,24.23,24.16,24.09,23.97,23.91,23.82,23.74,23.61,23.48,23.43,23.37,23.26,23.21,23.14,23.09,23.01,22.91,22.87,22.77,22.77,22.73,22.65,22.64,22.53,22.57,22.47,22.45,22.41,22.35,22.34,22.23,22.23,22.14,22.13,22.09,22.04,22.01,21.91,21.88,21.79,21.72,21.75,21.67,21.69,21.67,21.66,21.64,21.53,21.53,21.49,21.4,21.39,21.35,21.29,21.23,21.19,21.19,21.14,21.09,21.12,21.07,21.02,20.98,20.99,20.99,20.96,20.93,,,,,,,,,,,,,,,,,,,,,,,,,,,,,,,,,,,,,,,,,,,,,,,,,,,,,,,,,,,